Name,Price,Rating
Thomson OATHPRO Series 139 cm (55 inch) Ultra HD (4K) LED Smart Android TV with Dolby Digital Plus & D...,"₹34,999",4.4
KODAK CA Series 139 cm (55 inch) Ultra HD (4K) LED Smart Android TV with Dolby Digital Plus & DTS TruS...,"₹38,499",4.5
realme 80 cm (32 inch) HD Ready LED Smart Android TV,"₹15,999",4.3
LG 80 cm (32 inch) HD Ready LED Smart TV,"₹17,499",4.4
Mi 4A PRO 80 cm (32 inch) HD Ready LED Smart Android TV,"₹15,999",4.4
SAMSUNG 80 cm (32 inch) HD Ready LED Smart TV,"₹17,499",4.4
OnePlus Y Series 108 cm (43 inch) Full HD LED Smart Android TV,"₹25,999",4.3
TCL S65A Series 79.97 cm (32 inch) HD Ready LED Smart Android TV,"₹15,999",4.2
OnePlus Y Series 100 cm (40 inch) Full HD LED Smart Android TV,"₹22,499",4.3
Vu Premium 139 cm (55 inch) Ultra HD (4K) LED Smart Android TV,"₹36,999",4.4
Vu Premium 108 cm (43 inch) Ultra HD (4K) LED Smart Android TV,"₹25,999",4.4
Hisense A71F Series 177 cm (70 inch) Ultra HD (4K) LED Smart Android TV,"₹79,990",4.4
Thomson R9 60 cm (24 inch) HD Ready LED TV,"₹7,499",4.1
OnePlus Y Series 80 cm (32 inch) HD Ready LED Smart Android TV,"₹16,999",4.3
MarQ By Flipkart 80 cm (32 inch) HD Ready LED TV,"₹9,999",4.2
MOTOROLA Revou-Q 139 cm (55 inch) QLED Ultra HD (4K) Smart Android TV with Wireless Gamepad,"₹52,999",4.4
Mi 4X 108 cm (43 inch) Ultra HD (4K) LED Smart Android TV,"₹29,999",4.3
realme 108 cm (43 inch) Ultra HD (4K) LED Smart Android TV with Handsfree Voice Search and Dolby Visio...,"₹29,999",4.3
Mi 4A Horizon Edition 80 cm (32 inch) HD Ready LED Smart Android TV,"₹16,499",4.3
Blaupunkt Cybersound 108 cm (43 inch) Ultra HD (4K) LED Smart Android TV with Dolby MS12 & 50W Speaker...,"₹27,999",4.6
Mi 4A Horizon Edition 100 cm (40 inch) Full HD LED Smart Android TV,"₹22,999",4.3
Coocaa 80 cm (32 inch) HD Ready LED Smart TV,"₹10,499",4.2
iFFALCON 139 cm (55 inch) Ultra HD (4K) LED Smart Android TV,"₹31,999",4.3
TOSHIBA U50 Series 108 cm (43 inch) Ultra HD (4K) LED Smart TV with Dolby Vision & ATMOS,"₹29,999",4.3
realme NEO 80 cm (32 inch) HD Ready LED Smart TV,"₹13,999",4.2
acer P Series 105 cm (42 inch) Full HD LED Smart Android TV,"₹19,999",4.4
Adsun 80 cm (32 inch) HD Ready LED Smart TV,"₹10,499",3.8
Thomson OATHPRO Series 139 cm (55 inch) Ultra HD (4K) LED Smart Android TV with Dolby Digital Plus & D...,"₹34,999",4.4
TCL P615 139 cm (55 inch) Ultra HD (4K) LED Smart Android TV with Dolby Audio,"₹37,999",4.4
KODAK 60 cm (24 inch) HD Ready LED TV,"₹7,499",4
MOTOROLA ZX3 108 cm (43 inch) Ultra HD (4K) LED Smart Android TV with Dolby Atmos and Dolby Vision,"₹30,999",4.4
SAMSUNG 80 cm (32 inch) HD Ready LED Smart TV,"₹17,499",4.4
acer Boundless Series 125.7 cm (50 inch) Ultra HD (4K) LED Smart Android TV,"₹29,999",4.2
OnePlus U1S 139 cm (55 inch) Ultra HD (4K) LED Smart Android TV,"₹45,999",4.4
LG 139 cm (55 inch) Ultra HD (4K) LED Smart TV,"₹51,999",4.4
MOTOROLA Revou-Q 139 cm (55 inch) QLED Ultra HD (4K) Smart Android TV with Wireless Gamepad,"₹52,999",4.4
Thomson 9A Series 80 cm (32 inch) HD Ready LED Smart Android TV,"₹12,999",4.4
Mi 5X 108 cm (43 inch) Ultra HD (4K) LED Smart Android TV with Dolby Atmos and Dolby Vision,"₹31,999",4.3
Mi 4C 108 cm (43 inch) Full HD LED Smart Android TV,"₹24,999",4.3
TCL S65A Series 79.97 cm (32 inch) HD Ready LED Smart Android TV,"₹15,999",4.2
Nokia 109 cm (43 inch) Full HD LED Smart Android TV with Sound by JBL and Powered by Harman AudioEFX,"₹29,999",4.4
Mi Q1 138.8 cm (55 inch) QLED Ultra HD (4K) Smart Android TV,"₹56,999",4.4
Thomson OATHPRO Max 108 cm (43 inch) Ultra HD (4K) LED Smart Android TV with Dolby MS12 & 40W Speakers,"₹26,999",4.7
Nokia 164 cm (65 inch) Ultra HD (4K) LED Smart Android TV with Sound by Onkyo,"₹54,999",4.3
Thomson 9A Series 102 cm (40 inch) Full HD LED Smart Android TV,"₹18,999",4.4
Vu cinema TV 126 cm (50 inch) Ultra HD (4K) LED Smart Android TV,"₹33,999",4.3
Mi 5X 138.8 cm (55 inch) Ultra HD (4K) LED Smart Android TV with Dolby Atmos and Dolby Vision,"₹69,999",4.3
"Hisense A73F 164 cm (65 inch) Ultra HD (4K) LED Smart Android TV with 102W JBL 6 Speakers, Dolby Visio...","₹73,990",4.5
Thomson 9A Series 106 cm (42 inch) Full HD LED Smart Android TV,"₹19,999",4.3
Vu cinema TV 126 cm (50 inch) Ultra HD (4K) LED Smart Android TV,"₹33,999",4.3
Vu Premium 108 cm (43 inch) Full HD LED Smart Android TV,"₹24,999",4.3
SAMSUNG 80 cm (32 inch) HD Ready LED Smart TV,"₹17,499",4.4
Nokia 127 cm (50 inch) Ultra HD 4K LED Smart Android TV with Sound by JBL and Powered by Harman AudioE...,"₹39,999",4.4
"Hisense A73F 139 cm (55 inch) Ultra HD (4K) LED Smart Android TV with 102W JBL 6 Speakers, Dolby Visio...","₹45,999",4.5
iFFALCON K72 139 cm (55 inch) Ultra HD (4K) LED Smart Android TV with Hands Free Voice Control and Wor...,"₹39,999",4.2
Thomson OATHPRO Series 139 cm (55 inch) Ultra HD (4K) LED Smart Android TV with Dolby Digital Plus & D...,"₹34,999",4.4
LG 126 cm (50 inch) Ultra HD (4K) LED Smart TV,"₹48,999",4.4
Vu 126 cm (50 inch) Ultra HD (4K) LED Smart Android TV,"₹40,999",4.4
PHILIPS 6900 Series 108 cm (43 inch) Full HD LED Smart Android TV,"₹31,999",4.2
Nokia 164 cm (65 inch) Ultra HD (4K) LED Smart Android TV with Sound by Onkyo,"₹54,999",4.3
Infinix X1 80 cm (32 inch) HD Ready LED Smart Android TV with Eye Care Technology,"₹12,499",4.2
Mi 4C 80 cm (32 inch) HD Ready LED Smart Android TV,"₹19,500",4.3
TCL P615 126 cm (50 inch) Ultra HD (4K) LED Smart TV with Dolby Audio,"₹32,999",4.4
MOTOROLA Revou-Q 139 cm (55 inch) QLED Ultra HD (4K) Smart Android TV with Wireless Gamepad,"₹52,999",4.4
realme 126 cm (50 inch) Ultra HD (4K) LED Smart Android TV with Handsfree Voice Search and Dolby Visio...,"₹39,999",4.3
KODAK 7XPRO Series 80 cm (32 inch) HD Ready LED Smart Android TV,"₹12,999",4.4
Nokia 109 cm (43 inch) Ultra HD 4K LED Smart Android TV with Sound by Onkyo and Dolby Atmos,"₹30,999",4.3
TCL S65A Series 79.97 cm (32 inch) HD Ready LED Smart Android TV,"₹15,999",4.2
MOTOROLA ZX2 80 cm (32 inch) HD Ready LED Smart Android TV with Dolby Atmos and Dolby Vision,"₹18,999",4.4
TCL P715 108 cm (43 inch) Ultra HD (4K) LED Smart Android TV with Full Screen & Handsfree Voice Contro...,"₹31,999",4.3
KODAK CA PRO 108 cm (43 inch) Ultra HD (4K) LED Smart Android TV with Dolby MS12 & Dolby Digital Plus,"₹27,999",4.6
"Hisense A73F 164 cm (65 inch) Ultra HD (4K) LED Smart Android TV with 102W JBL 6 Speakers, Dolby Visio...","₹73,990",4.5
"Hisense A73F Series 126 cm (50 inch) Ultra HD (4K) LED Smart Android TV with 102 W JBL Speakers, Dolby...","₹40,990",4.5
HUIDI 80 cm (32 inch) HD Ready LED TV,"₹9,499",4
KODAK 7XPRO Series 106 cm (42 inch) Full HD LED Smart Android TV,"₹20,499",4.4
SAMSUNG 80 cm (32 inch) HD Ready LED Smart TV,"₹17,499",4.4
Mi 4A Horizon Edition 80 cm (32 inch) HD Ready LED Smart Android TV,"₹19,499",4.3
Thomson OATHPRO Series 139 cm (55 inch) Ultra HD (4K) LED Smart Android TV with Dolby Digital Plus & D...,"₹34,999",4.4
Thomson 9R PRO 139 cm (55 inch) Ultra HD (4K) LED Smart Android TV,"₹33,999",4.4
Nokia 164 cm (65 inch) Ultra HD (4K) LED Smart Android TV with Sound by Onkyo,"₹54,999",4.3
Infinix X1 108 cm (43 inch) Full HD LED Smart Android TV with Eye Care Technology,"₹20,999",4.2
TOSHIBA U50 Series 126 cm (50 inch) Ultra HD (4K) LED Smart TV with Dolby Vision & ATMOS,"₹36,990",4.3
TCL S6500 Series 108 cm (43 inch) Full HD LED Smart Android TV,"₹24,999",4.3
MOTOROLA Revou-Q 139 cm (55 inch) QLED Ultra HD (4K) Smart Android TV with Wireless Gamepad,"₹52,999",4.4
KODAK CA Series 126 cm (50 inch) Ultra HD (4K) LED Smart Android TV with Dolby Digital Plus & DTS TruS...,"₹31,999",4.5
SAMSUNG Crystal 4K Pro 146 cm (58 inch) Ultra HD (4K) LED Smart TV with Voice Search,"₹59,990",4.3
Blaupunkt Cyber Sound 164 cm (65 inch) Ultra HD (4K) LED Smart Android TV,"₹54,999",4.6
MOTOROLA ZX Pro 127 cm (50 inch) Ultra HD (4K) LED Smart Android TV with Wireless Gamepad,"₹39,999",4.4
Blaupunkt Cybersound 108 cm (43 inch) Ultra HD (4K) LED Smart Android TV with Dolby MS12 & 50W Speaker...,"₹27,999",4.6
Micromax Smart LED TV 109 cm (43 inch) Full HD LED Smart TV,"₹21,999",3.9
Mi Q1 189.34 cm (75 inch) QLED Ultra HD (4K) Smart Android TV,"₹1,27,999",4.4
MOTOROLA ZX2 80 cm (32 inch) HD Ready LED Smart Android TV with Dolby Atmos and Dolby Vision,"₹18,999",4.4
iFFALCON 100.3 cm (40 inch) Full HD LED Smart Android TV with Google assistant search and Dolby Audio,"₹19,999",4.3
MOTOROLA ZX Pro 139 cm (55 inch) Ultra HD (4K) LED Smart Android TV with Wireless Gamepad,"₹44,999",4.4
TCL S65A Series 79.97 cm (32 inch) HD Ready LED Smart Android TV,"₹15,999",4.2
"Hisense A73F 164 cm (65 inch) Ultra HD (4K) LED Smart Android TV with 102W JBL 6 Speakers, Dolby Visio...","₹73,990",4.5
